provider,model,model_label,prompt_id,iteration_index,family,count,iteration_time_sec
anthropic,claude-sonnet-4-6,Anthropic Claude Sonnet 4.6,35,1,parsing-error,1,6.661436958995182
anthropic,claude-sonnet-4-6,Anthropic Claude Sonnet 4.6,48,1,connector-related-features,1,23.35669820899784
anthropic,claude-sonnet-4-6,Anthropic Claude Sonnet 4.6,48,1,parsing-error,2,23.35669820899784
anthropic,claude-sonnet-4-6,Anthropic Claude Sonnet 4.6,48,1,reference-error,1,23.35669820899784
anthropic,claude-sonnet-4-6,Anthropic Claude Sonnet 4.6,52,1,parsing-error,1,26.791155041995808
anthropic,claude-sonnet-4-6,Anthropic Claude Sonnet 4.6,63,1,feature-value-overriding,4,6.983755916997325
anthropic,claude-sonnet-4-6,Anthropic Claude Sonnet 4.6,68,1,parsing-error,1,22.722967249996145
anthropic,claude-sonnet-4-6,Anthropic Claude Sonnet 4.6,74,1,parsing-error,1,29.09926508400531
anthropic,claude-sonnet-4-6,Anthropic Claude Sonnet 4.6,74,2,parsing-error,1,70.74710270800279
anthropic,claude-sonnet-4-6,Anthropic Claude Sonnet 4.6,77,1,parsing-error,1,36.549795583006926
anthropic,claude-sonnet-4-6,Anthropic Claude Sonnet 4.6,91,1,parsing-error,1,12.872749292000664
anthropic,claude-sonnet-4-6,Anthropic Claude Sonnet 4.6,94,1,parsing-error,1,9.286717291994137
anthropic,claude-sonnet-4-6,Anthropic Claude Sonnet 4.6,95,1,parsing-error,3,53.304325709003024
anthropic,claude-sonnet-4-6,Anthropic Claude Sonnet 4.6,96,1,parsing-error,1,41.106444792007096
anthropic,claude-sonnet-4-6,Anthropic Claude Sonnet 4.6,100,1,feature-value-overriding,2,21.108718958988906
anthropic,claude-sonnet-4-6,Anthropic Claude Sonnet 4.6,102,1,parsing-error,1,31.752430624997945
anthropic,claude-sonnet-4-6,Anthropic Claude Sonnet 4.6,104,1,parsing-error,2,26.211100499989698
anthropic,claude-sonnet-4-6,Anthropic Claude Sonnet 4.6,107,1,parsing-error,3,32.08882962500502
anthropic,claude-sonnet-4-6,Anthropic Claude Sonnet 4.6,109,1,parsing-error,2,28.8459609579877
anthropic,claude-sonnet-4-6,Anthropic Claude Sonnet 4.6,114,1,parsing-error,2,26.892478375011702
anthropic,claude-sonnet-4-6,Anthropic Claude Sonnet 4.6,116,1,parsing-error,4,48.36150595798972
anthropic,claude-sonnet-4-6,Anthropic Claude Sonnet 4.6,120,1,parsing-error,3,49.7583682090044
anthropic,claude-sonnet-4-6,Anthropic Claude Sonnet 4.6,120,2,parsing-error,1,7.410758084006375
anthropic,claude-sonnet-4-6,Anthropic Claude Sonnet 4.6,121,1,parsing-error,2,67.37028316600481
anthropic,claude-sonnet-4-6,Anthropic Claude Sonnet 4.6,121,1,reference-error,265,67.37028316600481
anthropic,claude-sonnet-4-6,Anthropic Claude Sonnet 4.6,121,2,internal-error,3,68.06163166600163
anthropic,claude-sonnet-4-6,Anthropic Claude Sonnet 4.6,121,3,internal-error,1,68.34222958299506
anthropic,claude-sonnet-4-6,Anthropic Claude Sonnet 4.6,121,3,parsing-error,4,68.34222958299506
anthropic,claude-sonnet-4-6,Anthropic Claude Sonnet 4.6,121,4,parsing-error,2,67.62986229099624
anthropic,claude-sonnet-4-6,Anthropic Claude Sonnet 4.6,121,5,parsing-error,2,68.1731385000021
anthropic,claude-sonnet-4-6,Anthropic Claude Sonnet 4.6,121,5,reference-error,165,68.1731385000021
anthropic,claude-sonnet-4-6,Anthropic Claude Sonnet 4.6,121,6,parsing-error,3,69.635129125003
anthropic,claude-sonnet-4-6,Anthropic Claude Sonnet 4.6,134,1,parsing-error,1,17.79856108300737
anthropic,claude-sonnet-4-6,Anthropic Claude Sonnet 4.6,137,1,feature-value-overriding,10,7.184476374997757
anthropic,claude-sonnet-4-6,Anthropic Claude Sonnet 4.6,141,1,parsing-error,3,23.78285733399389
anthropic,claude-sonnet-4-6,Anthropic Claude Sonnet 4.6,146,1,reference-error,13,14.064019000012197
anthropic,claude-sonnet-4-6,Anthropic Claude Sonnet 4.6,146,1,type-error,10,14.064019000012197
anthropic,claude-sonnet-4-6,Anthropic Claude Sonnet 4.6,147,1,parsing-error,8,7.798542541000643
deepseek_reasoner,deepseek-reasoner,DeepSeek Reasoner,1,1,parsing-error,5,38.22462095900846
deepseek_reasoner,deepseek-reasoner,DeepSeek Reasoner,1,1,reference-error,1,38.22462095900846
deepseek_reasoner,deepseek-reasoner,DeepSeek Reasoner,5,1,parsing-error,3,40.82842762500513
deepseek_reasoner,deepseek-reasoner,DeepSeek Reasoner,5,1,reference-error,1,40.82842762500513
deepseek_reasoner,deepseek-reasoner,DeepSeek Reasoner,5,2,parsing-error,1,25.146827999997186
deepseek_reasoner,deepseek-reasoner,DeepSeek Reasoner,5,2,reference-error,1,25.146827999997186
deepseek_reasoner,deepseek-reasoner,DeepSeek Reasoner,6,1,parsing-error,8,61.996751500002574
deepseek_reasoner,deepseek-reasoner,DeepSeek Reasoner,6,1,reference-error,11,61.996751500002574
deepseek_reasoner,deepseek-reasoner,DeepSeek Reasoner,6,2,reference-error,3,16.76891225000145
deepseek_reasoner,deepseek-reasoner,DeepSeek Reasoner,6,3,reference-error,3,79.9983307079965
deepseek_reasoner,deepseek-reasoner,DeepSeek Reasoner,9,1,feature-crossing-specialization,4,58.74195733299712
deepseek_reasoner,deepseek-reasoner,DeepSeek Reasoner,9,1,parsing-error,11,58.74195733299712
deepseek_reasoner,deepseek-reasoner,DeepSeek Reasoner,9,1,reference-error,6,58.74195733299712
deepseek_reasoner,deepseek-reasoner,DeepSeek Reasoner,10,1,parsing-error,4,44.49414533399977
deepseek_reasoner,deepseek-reasoner,DeepSeek Reasoner,11,1,feature-chaining-feature-not-one,1,78.60075433300517
deepseek_reasoner,deepseek-reasoner,DeepSeek Reasoner,11,1,parsing-error,3,78.60075433300517
deepseek_reasoner,deepseek-reasoner,DeepSeek Reasoner,14,1,feature-chaining-feature-not-one,3,86.33221254100499
deepseek_reasoner,deepseek-reasoner,DeepSeek Reasoner,14,1,parsing-error,8,86.33221254100499
deepseek_reasoner,deepseek-reasoner,DeepSeek Reasoner,15,1,parsing-error,2,52.59554420800123
deepseek_reasoner,deepseek-reasoner,DeepSeek Reasoner,15,1,reference-error,2,52.59554420800123
deepseek_reasoner,deepseek-reasoner,DeepSeek Reasoner,16,1,feature-chaining-feature-not-one,1,23.69968620799773
deepseek_reasoner,deepseek-reasoner,DeepSeek Reasoner,16,1,parsing-error,3,23.69968620799773
deepseek_reasoner,deepseek-reasoner,DeepSeek Reasoner,17,1,feature-chaining-feature-not-one,1,30.646648957990692
deepseek_reasoner,deepseek-reasoner,DeepSeek Reasoner,17,1,parsing-error,3,30.646648957990692
deepseek_reasoner,deepseek-reasoner,DeepSeek Reasoner,18,1,parsing-error,8,47.18807375000324
deepseek_reasoner,deepseek-reasoner,DeepSeek Reasoner,21,1,parsing-error,4,39.96798770900932
deepseek_reasoner,deepseek-reasoner,DeepSeek Reasoner,21,2,parsing-error,6,9.398439749988029
deepseek_reasoner,deepseek-reasoner,DeepSeek Reasoner,27,1,parsing-error,4,38.32273675000761
deepseek_reasoner,deepseek-reasoner,DeepSeek Reasoner,27,2,parsing-error,2,23.500131791995955
deepseek_reasoner,deepseek-reasoner,DeepSeek Reasoner,30,1,parsing-error,10,49.46567900000082
deepseek_reasoner,deepseek-reasoner,DeepSeek Reasoner,30,2,parsing-error,10,29.56176983400655
deepseek_reasoner,deepseek-reasoner,DeepSeek Reasoner,32,1,parsing-error,7,27.712633917006315
deepseek_reasoner,deepseek-reasoner,DeepSeek Reasoner,32,1,reference-error,3,27.712633917006315
deepseek_reasoner,deepseek-reasoner,DeepSeek Reasoner,34,1,parsing-error,4,81.55898020899622
deepseek_reasoner,deepseek-reasoner,DeepSeek Reasoner,34,2,parsing-error,5,44.38269849999051
deepseek_reasoner,deepseek-reasoner,DeepSeek Reasoner,34,3,parsing-error,1,52.39487600000575
deepseek_reasoner,deepseek-reasoner,DeepSeek Reasoner,34,4,attribute-usage-features,1,12.702949916987563
deepseek_reasoner,deepseek-reasoner,DeepSeek Reasoner,34,4,parameter-membership-owning-type,1,12.702949916987563
deepseek_reasoner,deepseek-reasoner,DeepSeek Reasoner,34,4,parsing-error,8,12.702949916987563
deepseek_reasoner,deepseek-reasoner,DeepSeek Reasoner,34,4,reference-error,7,12.702949916987563
deepseek_reasoner,deepseek-reasoner,DeepSeek Reasoner,35,1,parsing-error,3,40.84629779100942
deepseek_reasoner,deepseek-reasoner,DeepSeek Reasoner,36,1,parsing-error,1,72.34982074999425
deepseek_reasoner,deepseek-reasoner,DeepSeek Reasoner,38,1,parsing-error,2,41.73021737499221
deepseek_reasoner,deepseek-reasoner,DeepSeek Reasoner,39,1,parsing-error,11,32.54616229199746
deepseek_reasoner,deepseek-reasoner,DeepSeek Reasoner,39,1,reference-error,1,32.54616229199746
deepseek_reasoner,deepseek-reasoner,DeepSeek Reasoner,41,1,parsing-error,4,53.19566329200461
deepseek_reasoner,deepseek-reasoner,DeepSeek Reasoner,41,1,reference-error,4,53.19566329200461
deepseek_reasoner,deepseek-reasoner,DeepSeek Reasoner,41,2,reference-error,3,22.042098541991436
deepseek_reasoner,deepseek-reasoner,DeepSeek Reasoner,43,1,parsing-error,4,68.31049200000416
deepseek_reasoner,deepseek-reasoner,DeepSeek Reasoner,43,1,reference-error,1,68.31049200000416
deepseek_reasoner,deepseek-reasoner,DeepSeek Reasoner,44,1,parsing-error,6,44.75513099999807
deepseek_reasoner,deepseek-reasoner,DeepSeek Reasoner,46,1,connector-related-features,1,56.34136616700562
deepseek_reasoner,deepseek-reasoner,DeepSeek Reasoner,46,1,feature-chaining-feature-not-one,1,56.34136616700562
deepseek_reasoner,deepseek-reasoner,DeepSeek Reasoner,46,1,parsing-error,3,56.34136616700562
deepseek_reasoner,deepseek-reasoner,DeepSeek Reasoner,46,2,connector-related-features,1,59.87769587499497
deepseek_reasoner,deepseek-reasoner,DeepSeek Reasoner,46,2,feature-chaining-feature-not-one,1,59.87769587499497
deepseek_reasoner,deepseek-reasoner,DeepSeek Reasoner,46,2,parsing-error,3,59.87769587499497
deepseek_reasoner,deepseek-reasoner,DeepSeek Reasoner,46,3,connector-related-features,1,18.114032792000216
deepseek_reasoner,deepseek-reasoner,DeepSeek Reasoner,46,3,feature-chaining-feature-not-one,1,18.114032792000216
deepseek_reasoner,deepseek-reasoner,DeepSeek Reasoner,46,3,parsing-error,3,18.114032792000216
deepseek_reasoner,deepseek-reasoner,DeepSeek Reasoner,47,1,connector-related-features,1,41.28165624999383
deepseek_reasoner,deepseek-reasoner,DeepSeek Reasoner,47,1,feature-chaining-feature-not-one,1,41.28165624999383
deepseek_reasoner,deepseek-reasoner,DeepSeek Reasoner,47,1,parsing-error,3,41.28165624999383
deepseek_reasoner,deepseek-reasoner,DeepSeek Reasoner,48,1,connector-related-features,1,40.60157783399336
deepseek_reasoner,deepseek-reasoner,DeepSeek Reasoner,48,1,parsing-error,2,40.60157783399336
deepseek_reasoner,deepseek-reasoner,DeepSeek Reasoner,48,1,reference-error,1,40.60157783399336
deepseek_reasoner,deepseek-reasoner,DeepSeek Reasoner,48,2,connector-related-features,1,53.70070004199806
deepseek_reasoner,deepseek-reasoner,DeepSeek Reasoner,48,2,parsing-error,2,53.70070004199806
deepseek_reasoner,deepseek-reasoner,DeepSeek Reasoner,48,2,reference-error,1,53.70070004199806
deepseek_reasoner,deepseek-reasoner,DeepSeek Reasoner,48,3,connector-related-features,1,17.113713916012784
deepseek_reasoner,deepseek-reasoner,DeepSeek Reasoner,48,3,parsing-error,2,17.113713916012784
deepseek_reasoner,deepseek-reasoner,DeepSeek Reasoner,48,3,reference-error,1,17.113713916012784
deepseek_reasoner,deepseek-reasoner,DeepSeek Reasoner,51,1,parsing-error,4,81.60448508299305
deepseek_reasoner,deepseek-reasoner,DeepSeek Reasoner,51,1,reference-error,1,81.60448508299305
deepseek_reasoner,deepseek-reasoner,DeepSeek Reasoner,52,1,feature-reference-expression-referent-is-feature,2,63.93733116700605
deepseek_reasoner,deepseek-reasoner,DeepSeek Reasoner,52,1,parsing-error,7,63.93733116700605
deepseek_reasoner,deepseek-reasoner,DeepSeek Reasoner,53,1,parsing-error,2,35.01624116700259
deepseek_reasoner,deepseek-reasoner,DeepSeek Reasoner,53,1,reference-error,2,35.01624116700259
deepseek_reasoner,deepseek-reasoner,DeepSeek Reasoner,55,1,invocation-expression-instantiated-type,5,214.573428083997
deepseek_reasoner,deepseek-reasoner,DeepSeek Reasoner,55,1,reference-error,17,214.573428083997
deepseek_reasoner,deepseek-reasoner,DeepSeek Reasoner,56,1,invocation-expression-instantiated-type,1,177.53635983300046
deepseek_reasoner,deepseek-reasoner,DeepSeek Reasoner,56,1,reference-error,1,177.53635983300046
deepseek_reasoner,deepseek-reasoner,DeepSeek Reasoner,58,1,parsing-error,16,94.94031141701272
deepseek_reasoner,deepseek-reasoner,DeepSeek Reasoner,69,1,parsing-error,6,36.0254055000114
deepseek_reasoner,deepseek-reasoner,DeepSeek Reasoner,69,1,reference-error,1,36.0254055000114
deepseek_reasoner,deepseek-reasoner,DeepSeek Reasoner,69,2,parsing-error,4,24.13824079099868
deepseek_reasoner,deepseek-reasoner,DeepSeek Reasoner,70,1,parsing-error,2,44.0672830830008
deepseek_reasoner,deepseek-reasoner,DeepSeek Reasoner,70,1,reference-error,2,44.0672830830008
deepseek_reasoner,deepseek-reasoner,DeepSeek Reasoner,73,1,parsing-error,4,37.90864662500098
deepseek_reasoner,deepseek-reasoner,DeepSeek Reasoner,73,2,parsing-error,4,16.63477074999537
deepseek_reasoner,deepseek-reasoner,DeepSeek Reasoner,73,3,parsing-error,4,10.589691083994694
deepseek_reasoner,deepseek-reasoner,DeepSeek Reasoner,74,1,parsing-error,2,80.77081854200514
deepseek_reasoner,deepseek-reasoner,DeepSeek Reasoner,74,2,parsing-error,2,61.06019470799947
deepseek_reasoner,deepseek-reasoner,DeepSeek Reasoner,74,3,parsing-error,2,56.89668795799662
deepseek_reasoner,deepseek-reasoner,DeepSeek Reasoner,76,1,parsing-error,4,79.29468025000824
deepseek_reasoner,deepseek-reasoner,DeepSeek Reasoner,77,1,parsing-error,11,84.03340379201109
deepseek_reasoner,deepseek-reasoner,DeepSeek Reasoner,77,1,reference-error,18,84.03340379201109
deepseek_reasoner,deepseek-reasoner,DeepSeek Reasoner,78,1,parsing-error,8,39.85728187499626
deepseek_reasoner,deepseek-reasoner,DeepSeek Reasoner,79,1,parsing-error,6,41.61469295799907
deepseek_reasoner,deepseek-reasoner,DeepSeek Reasoner,79,2,parsing-error,6,38.12725170800695
deepseek_reasoner,deepseek-reasoner,DeepSeek Reasoner,80,1,parsing-error,4,73.94649170800403
deepseek_reasoner,deepseek-reasoner,DeepSeek Reasoner,80,1,reference-error,1,73.94649170800403
deepseek_reasoner,deepseek-reasoner,DeepSeek Reasoner,81,1,parsing-error,2,60.59881100000348
deepseek_reasoner,deepseek-reasoner,DeepSeek Reasoner,85,1,reference-error,14,38.913964999999735
deepseek_reasoner,deepseek-reasoner,DeepSeek Reasoner,87,1,parsing-error,2,110.2490230419935
deepseek_reasoner,deepseek-reasoner,DeepSeek Reasoner,87,1,reference-error,6,110.2490230419935
deepseek_reasoner,deepseek-reasoner,DeepSeek Reasoner,88,1,feature-chaining-feature-not-one,6,60.31434891698882
deepseek_reasoner,deepseek-reasoner,DeepSeek Reasoner,88,1,parsing-error,21,60.31434891698882
deepseek_reasoner,deepseek-reasoner,DeepSeek Reasoner,88,1,reference-error,6,60.31434891698882
deepseek_reasoner,deepseek-reasoner,DeepSeek Reasoner,88,1,type-error,6,60.31434891698882
deepseek_reasoner,deepseek-reasoner,DeepSeek Reasoner,88,2,parsing-error,5,32.21921825000027
deepseek_reasoner,deepseek-reasoner,DeepSeek Reasoner,88,2,type-error,5,32.21921825000027
deepseek_reasoner,deepseek-reasoner,DeepSeek Reasoner,89,1,parsing-error,14,54.10701962499297
deepseek_reasoner,deepseek-reasoner,DeepSeek Reasoner,89,2,parsing-error,14,15.33505441599118
deepseek_reasoner,deepseek-reasoner,DeepSeek Reasoner,89,3,parsing-error,5,42.942479832985555
deepseek_reasoner,deepseek-reasoner,DeepSeek Reasoner,89,4,parsing-error,5,12.052172083000189
deepseek_reasoner,deepseek-reasoner,DeepSeek Reasoner,90,1,parsing-error,10,31.388552832999267
deepseek_reasoner,deepseek-reasoner,DeepSeek Reasoner,90,1,reference-error,2,31.388552832999267
deepseek_reasoner,deepseek-reasoner,DeepSeek Reasoner,91,1,parsing-error,7,60.544008083001245
deepseek_reasoner,deepseek-reasoner,DeepSeek Reasoner,91,2,parsing-error,1,15.825257457996486
deepseek_reasoner,deepseek-reasoner,DeepSeek Reasoner,92,1,parsing-error,1,20.038391875001253
deepseek_reasoner,deepseek-reasoner,DeepSeek Reasoner,93,1,parsing-error,6,44.95510154200019
deepseek_reasoner,deepseek-reasoner,DeepSeek Reasoner,93,1,reference-error,7,44.95510154200019
deepseek_reasoner,deepseek-reasoner,DeepSeek Reasoner,93,2,parsing-error,28,35.601001166010974
deepseek_reasoner,deepseek-reasoner,DeepSeek Reasoner,93,2,reference-error,5,35.601001166010974
deepseek_reasoner,deepseek-reasoner,DeepSeek Reasoner,93,3,reference-error,5,50.555538874992635
deepseek_reasoner,deepseek-reasoner,DeepSeek Reasoner,94,1,parsing-error,9,21.966143207988353
deepseek_reasoner,deepseek-reasoner,DeepSeek Reasoner,94,1,reference-error,2,21.966143207988353
deepseek_reasoner,deepseek-reasoner,DeepSeek Reasoner,94,2,parsing-error,2,53.43692658399232
deepseek_reasoner,deepseek-reasoner,DeepSeek Reasoner,94,2,reference-error,3,53.43692658399232
deepseek_reasoner,deepseek-reasoner,DeepSeek Reasoner,95,1,parsing-error,1,48.43640800000867
deepseek_reasoner,deepseek-reasoner,DeepSeek Reasoner,95,1,reference-error,8,48.43640800000867
deepseek_reasoner,deepseek-reasoner,DeepSeek Reasoner,96,1,parsing-error,2,51.386364124991815
deepseek_reasoner,deepseek-reasoner,DeepSeek Reasoner,96,1,reference-error,1,51.386364124991815
deepseek_reasoner,deepseek-reasoner,DeepSeek Reasoner,96,2,parsing-error,3,39.83206975000212
deepseek_reasoner,deepseek-reasoner,DeepSeek Reasoner,96,3,class-specialization,1,58.148934915996506
deepseek_reasoner,deepseek-reasoner,DeepSeek Reasoner,97,1,parsing-error,3,44.18192966700008
deepseek_reasoner,deepseek-reasoner,DeepSeek Reasoner,97,1,reference-error,3,44.18192966700008
deepseek_reasoner,deepseek-reasoner,DeepSeek Reasoner,100,1,reference-error,5,58.32299612500355
deepseek_reasoner,deepseek-reasoner,DeepSeek Reasoner,104,1,parsing-error,2,58.67592437499843
deepseek_reasoner,deepseek-reasoner,DeepSeek Reasoner,105,1,parsing-error,10,38.62513591599418
deepseek_reasoner,deepseek-reasoner,DeepSeek Reasoner,105,2,parsing-error,10,17.402789625004516
deepseek_reasoner,deepseek-reasoner,DeepSeek Reasoner,105,3,parsing-error,1,16.046650707998197
deepseek_reasoner,deepseek-reasoner,DeepSeek Reasoner,106,1,parsing-error,11,44.91843695899297
deepseek_reasoner,deepseek-reasoner,DeepSeek Reasoner,106,2,parsing-error,1,21.595839917004923
deepseek_reasoner,deepseek-reasoner,DeepSeek Reasoner,107,1,parsing-error,2,35.506832250001025
deepseek_reasoner,deepseek-reasoner,DeepSeek Reasoner,108,1,parsing-error,1,43.03307624999434
deepseek_reasoner,deepseek-reasoner,DeepSeek Reasoner,108,1,reference-error,1,43.03307624999434
deepseek_reasoner,deepseek-reasoner,DeepSeek Reasoner,108,2,parsing-error,1,25.22081391699612
deepseek_reasoner,deepseek-reasoner,DeepSeek Reasoner,108,3,parsing-error,1,56.652849167003296
deepseek_reasoner,deepseek-reasoner,DeepSeek Reasoner,109,1,parsing-error,2,43.53473033300543
deepseek_reasoner,deepseek-reasoner,DeepSeek Reasoner,112,1,parsing-error,14,46.59517029099515
deepseek_reasoner,deepseek-reasoner,DeepSeek Reasoner,113,1,parsing-error,4,45.354023334002704
deepseek_reasoner,deepseek-reasoner,DeepSeek Reasoner,113,1,reference-error,1,45.354023334002704
deepseek_reasoner,deepseek-reasoner,DeepSeek Reasoner,114,1,parsing-error,4,40.14758212500601
deepseek_reasoner,deepseek-reasoner,DeepSeek Reasoner,114,2,parsing-error,1,9.49983916700876
deepseek_reasoner,deepseek-reasoner,DeepSeek Reasoner,115,1,reference-error,4,67.33095745799073
deepseek_reasoner,deepseek-reasoner,DeepSeek Reasoner,116,1,parsing-error,2,53.06518083400442
deepseek_reasoner,deepseek-reasoner,DeepSeek Reasoner,119,1,parsing-error,2,69.52218595799059
deepseek_reasoner,deepseek-reasoner,DeepSeek Reasoner,119,2,parsing-error,2,49.77251387499564
deepseek_reasoner,deepseek-reasoner,DeepSeek Reasoner,119,3,parsing-error,2,45.04405691700231
deepseek_reasoner,deepseek-reasoner,DeepSeek Reasoner,121,1,parsing-error,4,70.47322666698892
deepseek_reasoner,deepseek-reasoner,DeepSeek Reasoner,121,1,reference-error,4,70.47322666698892
deepseek_reasoner,deepseek-reasoner,DeepSeek Reasoner,121,2,parsing-error,8,19.230539916999987
deepseek_reasoner,deepseek-reasoner,DeepSeek Reasoner,122,1,parsing-error,5,62.65761491599551
deepseek_reasoner,deepseek-reasoner,DeepSeek Reasoner,122,1,reference-error,10,62.65761491599551
deepseek_reasoner,deepseek-reasoner,DeepSeek Reasoner,124,1,parsing-error,4,62.868863583003986
deepseek_reasoner,deepseek-reasoner,DeepSeek Reasoner,125,1,parsing-error,3,16.96307500000694
deepseek_reasoner,deepseek-reasoner,DeepSeek Reasoner,125,1,reference-error,6,16.96307500000694
deepseek_reasoner,deepseek-reasoner,DeepSeek Reasoner,125,2,reference-error,6,28.76507079100702
deepseek_reasoner,deepseek-reasoner,DeepSeek Reasoner,129,1,reference-error,6,50.69150387500122
deepseek_reasoner,deepseek-reasoner,DeepSeek Reasoner,129,2,parsing-error,6,16.882914208006696
deepseek_reasoner,deepseek-reasoner,DeepSeek Reasoner,130,1,reference-error,7,19.901534125005128
deepseek_reasoner,deepseek-reasoner,DeepSeek Reasoner,132,1,feature-reference-expression-referent-is-feature,3,44.18942845900892
deepseek_reasoner,deepseek-reasoner,DeepSeek Reasoner,132,1,parsing-error,6,44.18942845900892
deepseek_reasoner,deepseek-reasoner,DeepSeek Reasoner,132,2,parsing-error,3,31.764546125006746
deepseek_reasoner,deepseek-reasoner,DeepSeek Reasoner,134,1,parsing-error,1,48.88517924999178
deepseek_reasoner,deepseek-reasoner,DeepSeek Reasoner,134,1,reference-error,4,48.88517924999178
deepseek_reasoner,deepseek-reasoner,DeepSeek Reasoner,135,1,parsing-error,1,28.71925712499069
deepseek_reasoner,deepseek-reasoner,DeepSeek Reasoner,136,1,reference-error,1,29.532828042007168
deepseek_reasoner,deepseek-reasoner,DeepSeek Reasoner,136,2,parsing-error,1,44.539915207991726
deepseek_reasoner,deepseek-reasoner,DeepSeek Reasoner,136,3,parsing-error,1,48.03931179200299
deepseek_reasoner,deepseek-reasoner,DeepSeek Reasoner,136,4,parsing-error,1,49.85153316700598
deepseek_reasoner,deepseek-reasoner,DeepSeek Reasoner,137,1,parsing-error,4,25.65650245800498
deepseek_reasoner,deepseek-reasoner,DeepSeek Reasoner,137,1,reference-error,4,25.65650245800498
deepseek_reasoner,deepseek-reasoner,DeepSeek Reasoner,137,2,invocation-expression-instantiated-type,3,100.19062554200354
deepseek_reasoner,deepseek-reasoner,DeepSeek Reasoner,137,2,parsing-error,1,100.19062554200354
deepseek_reasoner,deepseek-reasoner,DeepSeek Reasoner,137,2,reference-error,9,100.19062554200354
deepseek_reasoner,deepseek-reasoner,DeepSeek Reasoner,137,3,quantity-operator-expression,4,98.50899866598776
deepseek_reasoner,deepseek-reasoner,DeepSeek Reasoner,137,3,reference-error,10,98.50899866598776
deepseek_reasoner,deepseek-reasoner,DeepSeek Reasoner,138,1,parsing-error,4,50.98228791699512
deepseek_reasoner,deepseek-reasoner,DeepSeek Reasoner,138,1,reference-error,2,50.98228791699512
deepseek_reasoner,deepseek-reasoner,DeepSeek Reasoner,138,2,parsing-error,2,40.20924625000043
deepseek_reasoner,deepseek-reasoner,DeepSeek Reasoner,138,2,reference-error,2,40.20924625000043
deepseek_reasoner,deepseek-reasoner,DeepSeek Reasoner,139,1,parsing-error,8,59.36171179100347
deepseek_reasoner,deepseek-reasoner,DeepSeek Reasoner,139,1,reference-error,10,59.36171179100347
deepseek_reasoner,deepseek-reasoner,DeepSeek Reasoner,140,1,parsing-error,7,49.43710537500738
deepseek_reasoner,deepseek-reasoner,DeepSeek Reasoner,140,1,reference-error,7,49.43710537500738
deepseek_reasoner,deepseek-reasoner,DeepSeek Reasoner,140,2,parsing-error,7,15.00960145899444
deepseek_reasoner,deepseek-reasoner,DeepSeek Reasoner,140,2,reference-error,7,15.00960145899444
deepseek_reasoner,deepseek-reasoner,DeepSeek Reasoner,141,1,reference-error,8,65.82954774999234
deepseek_reasoner,deepseek-reasoner,DeepSeek Reasoner,141,2,reference-error,4,43.91824212500069
deepseek_reasoner,deepseek-reasoner,DeepSeek Reasoner,141,3,parsing-error,6,48.4207927499956
deepseek_reasoner,deepseek-reasoner,DeepSeek Reasoner,142,1,parsing-error,2,67.20464750000974
deepseek_reasoner,deepseek-reasoner,DeepSeek Reasoner,143,1,parsing-error,12,39.42127750000509
deepseek_reasoner,deepseek-reasoner,DeepSeek Reasoner,143,1,reference-error,1,39.42127750000509
deepseek_reasoner,deepseek-reasoner,DeepSeek Reasoner,144,1,parsing-error,7,27.32443995900394
deepseek_reasoner,deepseek-reasoner,DeepSeek Reasoner,144,1,reference-error,5,27.32443995900394
deepseek_reasoner,deepseek-reasoner,DeepSeek Reasoner,144,2,parsing-error,8,34.58103533300164
deepseek_reasoner,deepseek-reasoner,DeepSeek Reasoner,144,3,parsing-error,3,49.206335166993085
deepseek_reasoner,deepseek-reasoner,DeepSeek Reasoner,144,4,parsing-error,12,32.705547167002806
deepseek_reasoner,deepseek-reasoner,DeepSeek Reasoner,144,5,parsing-error,1,72.16172666699276
deepseek_reasoner,deepseek-reasoner,DeepSeek Reasoner,144,6,parsing-error,6,37.734023832992534
deepseek_reasoner,deepseek-reasoner,DeepSeek Reasoner,144,7,parsing-error,1,17.76970741599507
deepseek_reasoner,deepseek-reasoner,DeepSeek Reasoner,144,7,reference-error,1,17.76970741599507
deepseek_reasoner,deepseek-reasoner,DeepSeek Reasoner,146,1,reference-error,1,58.57392204100324
deepseek_reasoner,deepseek-reasoner,DeepSeek Reasoner,147,1,parsing-error,7,89.17362416700053
deepseek_reasoner,deepseek-reasoner,DeepSeek Reasoner,149,1,parsing-error,4,62.19038070899842
deepseek_reasoner,deepseek-reasoner,DeepSeek Reasoner,149,1,reference-error,9,62.19038070899842
deepseek_reasoner,deepseek-reasoner,DeepSeek Reasoner,149,2,reference-error,1,31.54004820800037
deepseek_reasoner,deepseek-reasoner,DeepSeek Reasoner,150,1,reference-error,6,55.572965874991496
mistral_large,mistral-large-latest,Mistral Large,4,1,parsing-error,4,3.759053458998096
mistral_large,mistral-large-latest,Mistral Large,7,1,parsing-error,4,3.716847959003644
mistral_large,mistral-large-latest,Mistral Large,9,1,feature-crossing-specialization,2,5.883897583000362
mistral_large,mistral-large-latest,Mistral Large,9,1,parsing-error,7,5.883897583000362
mistral_large,mistral-large-latest,Mistral Large,9,1,reference-error,3,5.883897583000362
mistral_large,mistral-large-latest,Mistral Large,9,2,feature-crossing-specialization,11,4.719181499996921
mistral_large,mistral-large-latest,Mistral Large,9,2,parsing-error,13,4.719181499996921
mistral_large,mistral-large-latest,Mistral Large,9,3,feature-crossing-specialization,7,4.189787166003953
mistral_large,mistral-large-latest,Mistral Large,9,3,parsing-error,9,4.189787166003953
mistral_large,mistral-large-latest,Mistral Large,9,4,feature-crossing-specialization,3,3.717838500000653
mistral_large,mistral-large-latest,Mistral Large,9,4,parsing-error,8,3.717838500000653
mistral_large,mistral-large-latest,Mistral Large,9,4,reference-error,4,3.717838500000653
mistral_large,mistral-large-latest,Mistral Large,10,1,parsing-error,1,5.120408791990485
mistral_large,mistral-large-latest,Mistral Large,11,1,parsing-error,1,4.624540459000855
mistral_large,mistral-large-latest,Mistral Large,13,1,feature-reference-expression-referent-is-feature,1,6.281086874994799
mistral_large,mistral-large-latest,Mistral Large,13,1,parsing-error,3,6.281086874994799
mistral_large,mistral-large-latest,Mistral Large,14,1,parsing-error,1,4.337393791996874
mistral_large,mistral-large-latest,Mistral Large,14,1,reference-error,4,4.337393791996874
mistral_large,mistral-large-latest,Mistral Large,15,1,feature-reference-expression-referent-is-feature,1,5.444543833000353
mistral_large,mistral-large-latest,Mistral Large,15,1,parsing-error,5,5.444543833000353
mistral_large,mistral-large-latest,Mistral Large,16,1,parsing-error,1,4.419259249989409
mistral_large,mistral-large-latest,Mistral Large,17,1,parsing-error,1,5.180681917001493
mistral_large,mistral-large-latest,Mistral Large,18,1,reference-error,4,5.239155499992194
mistral_large,mistral-large-latest,Mistral Large,19,1,reference-error,1,5.013713582986384
mistral_large,mistral-large-latest,Mistral Large,21,1,reference-error,2,5.38633458300319
mistral_large,mistral-large-latest,Mistral Large,23,1,parsing-error,1,4.688101542007644
mistral_large,mistral-large-latest,Mistral Large,23,1,reference-error,1,4.688101542007644
mistral_large,mistral-large-latest,Mistral Large,27,1,parsing-error,1,4.836586750010611
mistral_large,mistral-large-latest,Mistral Large,28,1,parsing-error,1,4.865042125005857
mistral_large,mistral-large-latest,Mistral Large,31,1,parsing-error,7,6.664817915996537
mistral_large,mistral-large-latest,Mistral Large,31,1,reference-error,8,6.664817915996537
mistral_large,mistral-large-latest,Mistral Large,31,2,parsing-error,2,5.402307999989716
mistral_large,mistral-large-latest,Mistral Large,31,2,reference-error,2,5.402307999989716
mistral_large,mistral-large-latest,Mistral Large,34,1,parsing-error,7,5.368886167008895
mistral_large,mistral-large-latest,Mistral Large,34,1,reference-error,1,5.368886167008895
mistral_large,mistral-large-latest,Mistral Large,34,1,type-error,1,5.368886167008895
mistral_large,mistral-large-latest,Mistral Large,35,1,parsing-error,1,5.137790708002285
mistral_large,mistral-large-latest,Mistral Large,36,1,parsing-error,1,4.264113291996182
mistral_large,mistral-large-latest,Mistral Large,36,1,reference-error,3,4.264113291996182
mistral_large,mistral-large-latest,Mistral Large,36,2,parsing-error,1,3.4103041250054957
mistral_large,mistral-large-latest,Mistral Large,36,2,reference-error,3,3.4103041250054957
mistral_large,mistral-large-latest,Mistral Large,36,3,feature-chaining-feature-not-one,3,4.746580375009216
mistral_large,mistral-large-latest,Mistral Large,36,3,parsing-error,10,4.746580375009216
mistral_large,mistral-large-latest,Mistral Large,36,3,reference-error,1,4.746580375009216
mistral_large,mistral-large-latest,Mistral Large,36,4,reference-error,1,4.030486458999803
mistral_large,mistral-large-latest,Mistral Large,38,1,parsing-error,1,4.9777308750053635
mistral_large,mistral-large-latest,Mistral Large,41,1,parsing-error,2,4.88234866700077
mistral_large,mistral-large-latest,Mistral Large,42,1,parsing-error,1,6.248673666996183
mistral_large,mistral-large-latest,Mistral Large,42,2,parsing-error,1,4.489459499993245
mistral_large,mistral-large-latest,Mistral Large,42,3,parsing-error,2,4.496277166996151
mistral_large,mistral-large-latest,Mistral Large,42,3,reference-error,1,4.496277166996151
mistral_large,mistral-large-latest,Mistral Large,42,4,parsing-error,1,4.3831328750093235
mistral_large,mistral-large-latest,Mistral Large,47,1,parsing-error,3,6.309292249992723
mistral_large,mistral-large-latest,Mistral Large,48,1,parsing-error,2,7.095272874998045
mistral_large,mistral-large-latest,Mistral Large,49,1,parsing-error,1,6.361902916993131
mistral_large,mistral-large-latest,Mistral Large,49,2,reference-error,1,5.055898125006934
mistral_large,mistral-large-latest,Mistral Large,50,1,reference-error,9,5.719125042000087
mistral_large,mistral-large-latest,Mistral Large,51,1,parsing-error,1,6.304601875002845
mistral_large,mistral-large-latest,Mistral Large,51,1,reference-error,2,6.304601875002845
mistral_large,mistral-large-latest,Mistral Large,51,2,parsing-error,1,5.516253207999398
mistral_large,mistral-large-latest,Mistral Large,51,2,reference-error,5,5.516253207999398
mistral_large,mistral-large-latest,Mistral Large,51,2,type-error,6,5.516253207999398
mistral_large,mistral-large-latest,Mistral Large,51,3,parsing-error,1,5.598357834009221
mistral_large,mistral-large-latest,Mistral Large,51,3,reference-error,2,5.598357834009221
mistral_large,mistral-large-latest,Mistral Large,51,4,reference-error,3,5.538207667006645
mistral_large,mistral-large-latest,Mistral Large,51,4,type-error,6,5.538207667006645
mistral_large,mistral-large-latest,Mistral Large,52,1,parsing-error,1,4.736419292006758
mistral_large,mistral-large-latest,Mistral Large,52,2,reference-error,2,3.915449209001963
mistral_large,mistral-large-latest,Mistral Large,54,1,parsing-error,6,5.9531691250012955
mistral_large,mistral-large-latest,Mistral Large,54,2,parsing-error,3,4.711082042005728
mistral_large,mistral-large-latest,Mistral Large,54,3,parsing-error,3,4.398196916008601
mistral_large,mistral-large-latest,Mistral Large,55,1,parsing-error,4,5.835268833005102
mistral_large,mistral-large-latest,Mistral Large,55,1,reference-error,1,5.835268833005102
mistral_large,mistral-large-latest,Mistral Large,55,2,parsing-error,6,3.852039000004879
mistral_large,mistral-large-latest,Mistral Large,55,2,reference-error,1,3.852039000004879
mistral_large,mistral-large-latest,Mistral Large,55,3,parsing-error,2,8.9788784590055
mistral_large,mistral-large-latest,Mistral Large,56,1,invocation-expression-instantiated-type,1,2.781152083000052
mistral_large,mistral-large-latest,Mistral Large,56,1,reference-error,1,2.781152083000052
mistral_large,mistral-large-latest,Mistral Large,56,1,subsetting-uniqueness-conformance,1,2.781152083000052
mistral_large,mistral-large-latest,Mistral Large,56,2,invocation-expression-instantiated-type,1,2.3002064589963993
mistral_large,mistral-large-latest,Mistral Large,56,2,reference-error,1,2.3002064589963993
mistral_large,mistral-large-latest,Mistral Large,56,3,parsing-error,3,2.9408498330012662
mistral_large,mistral-large-latest,Mistral Large,56,3,reference-error,2,2.9408498330012662
mistral_large,mistral-large-latest,Mistral Large,57,1,feature-reference-expression-referent-is-feature,1,3.81854687500163
mistral_large,mistral-large-latest,Mistral Large,57,1,parameter-membership-owning-type,1,3.81854687500163
mistral_large,mistral-large-latest,Mistral Large,57,1,parsing-error,9,3.81854687500163
mistral_large,mistral-large-latest,Mistral Large,57,2,feature-reference-expression-referent-is-feature,1,2.080256166998879
mistral_large,mistral-large-latest,Mistral Large,57,2,parameter-membership-owning-type,1,2.080256166998879
mistral_large,mistral-large-latest,Mistral Large,57,2,parsing-error,3,2.080256166998879
mistral_large,mistral-large-latest,Mistral Large,59,1,parsing-error,2,6.706681083000149
mistral_large,mistral-large-latest,Mistral Large,59,1,reference-error,3,6.706681083000149
mistral_large,mistral-large-latest,Mistral Large,60,1,parsing-error,2,5.651306667001336
mistral_large,mistral-large-latest,Mistral Large,60,1,reference-error,1,5.651306667001336
mistral_large,mistral-large-latest,Mistral Large,62,1,parsing-error,7,4.635011082995334
mistral_large,mistral-large-latest,Mistral Large,62,1,reference-error,1,4.635011082995334
mistral_large,mistral-large-latest,Mistral Large,62,2,parsing-error,3,4.117946792001021
mistral_large,mistral-large-latest,Mistral Large,62,2,reference-error,1,4.117946792001021
mistral_large,mistral-large-latest,Mistral Large,63,1,parsing-error,4,4.9015732090047095
mistral_large,mistral-large-latest,Mistral Large,64,1,parsing-error,12,5.7371252909943
mistral_large,mistral-large-latest,Mistral Large,64,1,reference-error,1,5.7371252909943
mistral_large,mistral-large-latest,Mistral Large,64,2,parsing-error,5,4.147238292003749
mistral_large,mistral-large-latest,Mistral Large,64,2,reference-error,1,4.147238292003749
mistral_large,mistral-large-latest,Mistral Large,65,1,parsing-error,16,6.462844166991999
mistral_large,mistral-large-latest,Mistral Large,65,1,reference-error,1,6.462844166991999
mistral_large,mistral-large-latest,Mistral Large,65,2,parsing-error,10,7.36796275000961
mistral_large,mistral-large-latest,Mistral Large,65,2,reference-error,1,7.36796275000961
mistral_large,mistral-large-latest,Mistral Large,65,3,parameter-membership-owning-type,1,3.4243717080098577
mistral_large,mistral-large-latest,Mistral Large,65,3,parsing-error,2,3.4243717080098577
mistral_large,mistral-large-latest,Mistral Large,65,4,parsing-error,5,7.043139332992723
mistral_large,mistral-large-latest,Mistral Large,66,1,parsing-error,7,5.165116665986716
mistral_large,mistral-large-latest,Mistral Large,68,1,parameter-membership-owning-type,1,8.03261612499773
mistral_large,mistral-large-latest,Mistral Large,68,1,parsing-error,1,8.03261612499773
mistral_large,mistral-large-latest,Mistral Large,68,2,parameter-membership-owning-type,3,9.89367420799681
mistral_large,mistral-large-latest,Mistral Large,68,2,parsing-error,4,9.89367420799681
mistral_large,mistral-large-latest,Mistral Large,70,1,cross-subsetting-crossing-feature,6,7.820254667007248
mistral_large,mistral-large-latest,Mistral Large,70,1,feature-owned-cross-subsetting,4,7.820254667007248
mistral_large,mistral-large-latest,Mistral Large,70,1,parsing-error,11,7.820254667007248
mistral_large,mistral-large-latest,Mistral Large,70,1,reference-error,13,7.820254667007248
mistral_large,mistral-large-latest,Mistral Large,70,1,type-error,2,7.820254667007248
mistral_large,mistral-large-latest,Mistral Large,70,2,parsing-error,4,6.335413166991202
mistral_large,mistral-large-latest,Mistral Large,70,2,reference-error,2,6.335413166991202
mistral_large,mistral-large-latest,Mistral Large,70,3,parsing-error,4,9.255604624995613
mistral_large,mistral-large-latest,Mistral Large,74,1,invocation-expression-instantiated-type,1,6.463626791999559
mistral_large,mistral-large-latest,Mistral Large,74,1,parsing-error,14,6.463626791999559
mistral_large,mistral-large-latest,Mistral Large,74,1,reference-error,3,6.463626791999559
mistral_large,mistral-large-latest,Mistral Large,74,2,parsing-error,10,6.89771729100903
mistral_large,mistral-large-latest,Mistral Large,74,2,reference-error,15,6.89771729100903
mistral_large,mistral-large-latest,Mistral Large,74,3,invocation-expression-instantiated-type,1,10.695229334000032
mistral_large,mistral-large-latest,Mistral Large,74,3,parsing-error,12,10.695229334000032
mistral_large,mistral-large-latest,Mistral Large,74,3,reference-error,2,10.695229334000032
mistral_large,mistral-large-latest,Mistral Large,77,1,parsing-error,8,6.812081541997031
mistral_large,mistral-large-latest,Mistral Large,77,1,reference-error,1,6.812081541997031
mistral_large,mistral-large-latest,Mistral Large,78,1,parsing-error,5,7.30929183299304
mistral_large,mistral-large-latest,Mistral Large,78,1,reference-error,2,7.30929183299304
mistral_large,mistral-large-latest,Mistral Large,78,2,parsing-error,1,5.054115457998705
mistral_large,mistral-large-latest,Mistral Large,80,1,parsing-error,20,9.367026374995476
mistral_large,mistral-large-latest,Mistral Large,82,1,parsing-error,4,4.770943457988324
mistral_large,mistral-large-latest,Mistral Large,82,1,reference-error,4,4.770943457988324
mistral_large,mistral-large-latest,Mistral Large,85,1,feature-reference-expression-referent-is-feature,7,7.345946707995608
mistral_large,mistral-large-latest,Mistral Large,86,1,reference-error,1,6.007304624989047
mistral_large,mistral-large-latest,Mistral Large,88,1,parsing-error,6,6.564262750005582
mistral_large,mistral-large-latest,Mistral Large,88,1,reference-error,2,6.564262750005582
mistral_large,mistral-large-latest,Mistral Large,89,1,parsing-error,4,5.848966958990786
mistral_large,mistral-large-latest,Mistral Large,93,1,parsing-error,4,7.31212983300793
mistral_large,mistral-large-latest,Mistral Large,94,1,parsing-error,18,7.69525970799441
mistral_large,mistral-large-latest,Mistral Large,94,1,reference-error,2,7.69525970799441
mistral_large,mistral-large-latest,Mistral Large,94,2,parsing-error,3,4.435390375001589
mistral_large,mistral-large-latest,Mistral Large,94,2,reference-error,4,4.435390375001589
mistral_large,mistral-large-latest,Mistral Large,96,1,parsing-error,6,3.401024791994132
mistral_large,mistral-large-latest,Mistral Large,96,1,reference-error,1,3.401024791994132
mistral_large,mistral-large-latest,Mistral Large,96,2,parsing-error,4,2.566258916995139
mistral_large,mistral-large-latest,Mistral Large,96,2,reference-error,1,2.566258916995139
mistral_large,mistral-large-latest,Mistral Large,97,1,parameter-membership-owning-type,5,4.378964792005718
mistral_large,mistral-large-latest,Mistral Large,97,1,parsing-error,5,4.378964792005718
mistral_large,mistral-large-latest,Mistral Large,98,1,parsing-error,1,5.221534833006444
mistral_large,mistral-large-latest,Mistral Large,99,1,parsing-error,20,6.896980917008477
mistral_large,mistral-large-latest,Mistral Large,99,1,reference-error,12,6.896980917008477
mistral_large,mistral-large-latest,Mistral Large,99,2,parsing-error,18,16.511717917004717
mistral_large,mistral-large-latest,Mistral Large,99,2,reference-error,8,16.511717917004717
mistral_large,mistral-large-latest,Mistral Large,99,2,type-error,4,16.511717917004717
mistral_large,mistral-large-latest,Mistral Large,100,1,part-usage-part-definition,1,5.673743958002888
mistral_large,mistral-large-latest,Mistral Large,100,2,reference-error,6,4.348832749994472
mistral_large,mistral-large-latest,Mistral Large,100,3,feature-value-overriding,1,4.50861433299724
mistral_large,mistral-large-latest,Mistral Large,100,3,part-usage-part-definition,1,4.50861433299724
mistral_large,mistral-large-latest,Mistral Large,100,3,reference-error,2,4.50861433299724
mistral_large,mistral-large-latest,Mistral Large,102,1,parsing-error,4,11.513184458002796
mistral_large,mistral-large-latest,Mistral Large,102,1,reference-error,1,11.513184458002796
mistral_large,mistral-large-latest,Mistral Large,102,2,parsing-error,2,9.703045208996627
mistral_large,mistral-large-latest,Mistral Large,104,1,parsing-error,1,7.1945477920089616
mistral_large,mistral-large-latest,Mistral Large,105,1,parsing-error,1,7.928381625009933
mistral_large,mistral-large-latest,Mistral Large,108,1,parsing-error,4,4.769786832999671
mistral_large,mistral-large-latest,Mistral Large,108,1,reference-error,1,4.769786832999671
mistral_large,mistral-large-latest,Mistral Large,108,2,parsing-error,2,5.125206041993806
mistral_large,mistral-large-latest,Mistral Large,108,2,reference-error,1,5.125206041993806
mistral_large,mistral-large-latest,Mistral Large,110,1,parsing-error,2,5.658908124998561
mistral_large,mistral-large-latest,Mistral Large,112,1,parsing-error,1,8.300426250003511
mistral_large,mistral-large-latest,Mistral Large,113,1,parsing-error,1,7.475432749997708
mistral_large,mistral-large-latest,Mistral Large,114,1,parsing-error,1,5.641937374995905
mistral_large,mistral-large-latest,Mistral Large,114,2,parsing-error,1,4.027610417004325
mistral_large,mistral-large-latest,Mistral Large,116,1,parsing-error,1,5.844091499995557
mistral_large,mistral-large-latest,Mistral Large,116,2,parsing-error,1,4.211017499997979
mistral_large,mistral-large-latest,Mistral Large,117,1,parsing-error,7,8.576820666989079
mistral_large,mistral-large-latest,Mistral Large,117,1,port-definition-owned-usages-not-composite,1,8.576820666989079
mistral_large,mistral-large-latest,Mistral Large,117,1,reference-error,7,8.576820666989079
mistral_large,mistral-large-latest,Mistral Large,120,1,parsing-error,10,6.3595445419923635
mistral_large,mistral-large-latest,Mistral Large,120,2,parsing-error,4,4.704518750004354
mistral_large,mistral-large-latest,Mistral Large,120,3,parsing-error,5,4.644110875000479
mistral_large,mistral-large-latest,Mistral Large,121,1,feature-chaining-feature-not-one,1,9.669804666991697
mistral_large,mistral-large-latest,Mistral Large,121,1,invocation-expression-instantiated-type,1,9.669804666991697
mistral_large,mistral-large-latest,Mistral Large,121,1,parsing-error,14,9.669804666991697
mistral_large,mistral-large-latest,Mistral Large,121,1,reference-error,1,9.669804666991697
mistral_large,mistral-large-latest,Mistral Large,121,2,feature-chaining-feature-not-one,1,5.77181274999748
mistral_large,mistral-large-latest,Mistral Large,121,2,parsing-error,3,5.77181274999748
mistral_large,mistral-large-latest,Mistral Large,121,3,parsing-error,2,6.026240166989737
mistral_large,mistral-large-latest,Mistral Large,121,3,reference-error,1,6.026240166989737
mistral_large,mistral-large-latest,Mistral Large,122,1,parsing-error,4,5.41452591700363
mistral_large,mistral-large-latest,Mistral Large,123,1,parsing-error,7,9.315004709002096
mistral_large,mistral-large-latest,Mistral Large,123,1,reference-error,7,9.315004709002096
mistral_large,mistral-large-latest,Mistral Large,124,1,parsing-error,3,4.395959874993423
mistral_large,mistral-large-latest,Mistral Large,124,1,reference-error,6,4.395959874993423
mistral_large,mistral-large-latest,Mistral Large,126,1,parsing-error,2,3.757538125006249
mistral_large,mistral-large-latest,Mistral Large,126,2,parsing-error,2,2.6356452500040177
mistral_large,mistral-large-latest,Mistral Large,126,2,reference-error,3,2.6356452500040177
mistral_large,mistral-large-latest,Mistral Large,127,1,parsing-error,1,6.412629291997291
mistral_large,mistral-large-latest,Mistral Large,129,1,parsing-error,7,7.122075125007541
mistral_large,mistral-large-latest,Mistral Large,129,2,reference-error,7,6.2971917079994455
mistral_large,mistral-large-latest,Mistral Large,133,1,parsing-error,1,6.223279208003078
mistral_large,mistral-large-latest,Mistral Large,134,1,parsing-error,4,5.950405540992506
mistral_large,mistral-large-latest,Mistral Large,134,1,reference-error,1,5.950405540992506
mistral_large,mistral-large-latest,Mistral Large,134,2,parsing-error,1,4.086423959000967
mistral_large,mistral-large-latest,Mistral Large,135,1,parsing-error,7,7.436455416987883
mistral_large,mistral-large-latest,Mistral Large,138,1,invocation-expression-instantiated-type,1,5.410458790996927
mistral_large,mistral-large-latest,Mistral Large,138,1,parameter-membership-owning-type,3,5.410458790996927
mistral_large,mistral-large-latest,Mistral Large,138,1,parsing-error,4,5.410458790996927
mistral_large,mistral-large-latest,Mistral Large,139,1,parsing-error,9,8.9960809579934
mistral_large,mistral-large-latest,Mistral Large,139,1,reference-error,20,8.9960809579934
mistral_large,mistral-large-latest,Mistral Large,139,2,reference-error,10,7.011321833007969
mistral_large,mistral-large-latest,Mistral Large,141,1,parsing-error,4,9.322254250000697
mistral_large,mistral-large-latest,Mistral Large,142,1,parsing-error,2,4.949292457997217
mistral_large,mistral-large-latest,Mistral Large,143,1,parsing-error,8,6.23962045799999
mistral_large,mistral-large-latest,Mistral Large,143,1,reference-error,2,6.23962045799999
mistral_large,mistral-large-latest,Mistral Large,144,1,parsing-error,7,4.091648041998269
mistral_large,mistral-large-latest,Mistral Large,144,1,reference-error,5,4.091648041998269
mistral_large,mistral-large-latest,Mistral Large,144,2,parsing-error,9,3.281650916993385
mistral_large,mistral-large-latest,Mistral Large,144,2,reference-error,3,3.281650916993385
mistral_large,mistral-large-latest,Mistral Large,145,1,parsing-error,1,4.1689629159955075
mistral_large,mistral-large-latest,Mistral Large,145,1,quantity-operator-expression,1,4.1689629159955075
mistral_large,mistral-large-latest,Mistral Large,145,2,parsing-error,3,3.169729417000781
mistral_large,mistral-large-latest,Mistral Large,145,2,type-error,1,3.169729417000781
mistral_large,mistral-large-latest,Mistral Large,146,1,parsing-error,4,7.191954833004274
mistral_large,mistral-large-latest,Mistral Large,146,1,reference-error,3,7.191954833004274
mistral_large,mistral-large-latest,Mistral Large,146,1,type-error,1,7.191954833004274
mistral_large,mistral-large-latest,Mistral Large,147,1,parsing-error,2,7.293193125005928
mistral_large,mistral-large-latest,Mistral Large,147,1,reference-error,4,7.293193125005928
mistral_large,mistral-large-latest,Mistral Large,148,1,invocation-expression-instantiated-type,3,6.533700415995554
mistral_large,mistral-large-latest,Mistral Large,148,1,reference-error,1,6.533700415995554
mistral_large,mistral-large-latest,Mistral Large,148,2,parsing-error,6,4.777151332993526
mistral_large,mistral-large-latest,Mistral Large,148,2,reference-error,5,4.777151332993526
mistral_large,mistral-large-latest,Mistral Large,148,2,type-error,1,4.777151332993526
mistral_large,mistral-large-latest,Mistral Large,148,3,parsing-error,6,4.614428125001723
mistral_large,mistral-large-latest,Mistral Large,148,3,reference-error,6,4.614428125001723
mistral_large,mistral-large-latest,Mistral Large,148,3,type-error,3,4.614428125001723
mistral_large,mistral-large-latest,Mistral Large,149,1,attribute-usage-features,7,6.871293833988602
mistral_large,mistral-large-latest,Mistral Large,149,1,parameter-membership-owning-type,1,6.871293833988602
mistral_large,mistral-large-latest,Mistral Large,149,1,parsing-error,4,6.871293833988602
mistral_large,mistral-large-latest,Mistral Large,149,1,reference-error,7,6.871293833988602
mistral_large,mistral-large-latest,Mistral Large,149,2,reference-error,10,4.554589749997831
mistral_large,mistral-large-latest,Mistral Large,150,1,invocation-expression-instantiated-type,3,7.420617625000887
mistral_large,mistral-large-latest,Mistral Large,150,1,parsing-error,7,7.420617625000887
mistral_large,mistral-large-latest,Mistral Large,150,1,quantity-operator-expression,3,7.420617625000887
mistral_large,mistral-large-latest,Mistral Large,150,1,type-error,4,7.420617625000887
mistral_large,mistral-large-latest,Mistral Large,151,1,parsing-error,6,8.319520165998256
mistral_large,mistral-large-latest,Mistral Large,151,1,reference-error,3,8.319520165998256
mistral_large,mistral-large-latest,Mistral Large,151,2,parsing-error,4,5.344796582998242
mistral_large,mistral-large-latest,Mistral Large,151,2,reference-error,2,5.344796582998242
openai,openai,OpenAI,2,1,parsing-error,3,13.320488582998223
openai,openai,OpenAI,3,1,parsing-error,4,11.71694566700171
openai,openai,OpenAI,7,1,parsing-error,4,23.707326750001812
openai,openai,OpenAI,10,1,parsing-error,2,61.86114012500184
openai,openai,OpenAI,10,1,port-definition-owned-usages-not-composite,4,61.86114012500184
openai,openai,OpenAI,10,2,parsing-error,2,7.622988041999633
openai,openai,OpenAI,12,1,parsing-error,2,61.54003341700445
openai,openai,OpenAI,12,1,port-definition-owned-usages-not-composite,2,61.54003341700445
openai,openai,OpenAI,13,1,port-definition-owned-usages-not-composite,2,50.73696049999853
openai,openai,OpenAI,14,1,feature-chaining-feature-not-one,1,32.37918308400549
openai,openai,OpenAI,14,1,parsing-error,5,32.37918308400549
openai,openai,OpenAI,15,1,feature-chaining-feature-not-one,1,17.637960583000677
openai,openai,OpenAI,15,1,parsing-error,3,17.637960583000677
openai,openai,OpenAI,15,1,port-definition-owned-usages-not-composite,2,17.637960583000677
openai,openai,OpenAI,17,1,feature-chaining-feature-not-one,1,9.703630832998895
openai,openai,OpenAI,17,1,parsing-error,3,9.703630832998895
openai,openai,OpenAI,17,1,port-definition-owned-usages-not-composite,1,9.703630832998895
openai,openai,OpenAI,17,2,parsing-error,1,7.894926624998334
openai,openai,OpenAI,17,2,port-definition-owned-usages-not-composite,1,7.894926624998334
openai,openai,OpenAI,18,1,parsing-error,5,12.728479124998556
openai,openai,OpenAI,18,1,reference-error,2,12.728479124998556
openai,openai,OpenAI,19,1,port-definition-owned-usages-not-composite,3,13.361674082996617
openai,openai,OpenAI,19,2,parsing-error,3,9.860430332999384
openai,openai,OpenAI,19,2,port-definition-owned-usages-not-composite,3,9.860430332999384
openai,openai,OpenAI,20,1,port-definition-owned-usages-not-composite,3,25.747403666995524
openai,openai,OpenAI,21,1,port-definition-owned-usages-not-composite,3,12.167483833000006
openai,openai,OpenAI,24,1,port-definition-owned-usages-not-composite,5,16.645942540999386
openai,openai,OpenAI,25,1,parsing-error,2,25.730685708003875
openai,openai,OpenAI,25,1,port-definition-owned-usages-not-composite,4,25.730685708003875
openai,openai,OpenAI,33,1,port-definition-owned-usages-not-composite,4,20.463869708997663
openai,openai,OpenAI,34,1,reference-error,1,12.29186770800152
openai,openai,OpenAI,35,1,parsing-error,1,3.423240749994875
openai,openai,OpenAI,35,1,reference-error,1,3.423240749994875
openai,openai,OpenAI,36,1,reference-error,1,11.83845933300472
openai,openai,OpenAI,37,1,parsing-error,1,20.84736483299639
openai,openai,OpenAI,37,1,reference-error,1,20.84736483299639
openai,openai,OpenAI,38,1,reference-error,1,18.343650708004137
openai,openai,OpenAI,39,1,reference-error,2,11.170924792000733
openai,openai,OpenAI,40,1,port-definition-owned-usages-not-composite,1,16.122694915997272
openai,openai,OpenAI,40,1,reference-error,1,16.122694915997272
openai,openai,OpenAI,41,1,parsing-error,1,17.73934441599704
openai,openai,OpenAI,41,1,reference-error,1,17.73934441599704
openai,openai,OpenAI,42,1,parsing-error,1,15.8127278749962
openai,openai,OpenAI,42,1,reference-error,1,15.8127278749962
openai,openai,OpenAI,43,1,parsing-error,16,21.012879665999208
openai,openai,OpenAI,43,1,reference-error,29,21.012879665999208
openai,openai,OpenAI,43,2,parsing-error,1,12.977729332997114
openai,openai,OpenAI,45,1,port-definition-owned-usages-not-composite,3,18.407424249999167
openai,openai,OpenAI,46,1,port-definition-owned-usages-not-composite,6,17.431582249999337
openai,openai,OpenAI,52,1,parsing-error,5,36.39731995799957
openai,openai,OpenAI,52,2,import-explicit-visibility,1,19.84970508299739
openai,openai,OpenAI,52,2,parsing-error,15,19.84970508299739
openai,openai,OpenAI,52,3,parsing-error,3,11.030997207999462
openai,openai,OpenAI,53,1,parsing-error,2,24.892352333001327
openai,openai,OpenAI,53,1,reference-error,3,24.892352333001327
openai,openai,OpenAI,54,1,parsing-error,6,19.411495084001217
openai,openai,OpenAI,55,1,parsing-error,2,17.872359999993932
openai,openai,OpenAI,55,2,parsing-error,2,3.871044667001115
openai,openai,OpenAI,55,3,parsing-error,3,6.777221458003623
openai,openai,OpenAI,55,3,reference-error,1,6.777221458003623
openai,openai,OpenAI,56,1,invocation-expression-instantiated-type,1,40.23500458300259
openai,openai,OpenAI,56,1,reference-error,1,40.23500458300259
openai,openai,OpenAI,60,1,parsing-error,1,13.720278375003543
openai,openai,OpenAI,63,1,parsing-error,4,13.252685542000108
openai,openai,OpenAI,63,1,reference-error,5,13.252685542000108
openai,openai,OpenAI,66,1,parsing-error,2,14.238715624996985
openai,openai,OpenAI,67,1,parsing-error,2,18.472967790999977
openai,openai,OpenAI,67,1,reference-error,7,18.472967790999977
openai,openai,OpenAI,68,1,reference-error,8,14.718940250000742
openai,openai,OpenAI,69,1,parsing-error,2,32.62777562499832
openai,openai,OpenAI,70,1,port-definition-owned-usages-not-composite,1,10.157952834000753
openai,openai,OpenAI,70,2,parsing-error,1,8.320573125005467
openai,openai,OpenAI,70,2,port-definition-owned-usages-not-composite,1,8.320573125005467
openai,openai,OpenAI,71,1,port-definition-owned-usages-not-composite,1,26.03129587500007
openai,openai,OpenAI,77,1,parsing-error,3,17.9864523330034
openai,openai,OpenAI,80,1,reference-error,2,30.72121404099744
openai,openai,OpenAI,81,1,parsing-error,6,21.1120491249967
openai,openai,OpenAI,83,1,port-definition-owned-usages-not-composite,2,16.615937499998836
openai,openai,OpenAI,85,1,reference-error,7,19.700376583001344
openai,openai,OpenAI,88,1,reference-error,5,31.472310375000234
openai,openai,OpenAI,91,1,parsing-error,1,11.296772041001532
openai,openai,OpenAI,92,1,port-definition-owned-usages-not-composite,4,20.86695416699513
openai,openai,OpenAI,92,1,reference-error,20,20.86695416699513
openai,openai,OpenAI,93,1,parsing-error,46,118.99698949999583
openai,openai,OpenAI,93,1,reference-error,4,118.99698949999583
openai,openai,OpenAI,93,1,type-error,2,118.99698949999583
openai,openai,OpenAI,93,2,parsing-error,26,14.00786550000339
openai,openai,OpenAI,94,1,parsing-error,6,17.425166500004707
openai,openai,OpenAI,95,1,reference-error,1,11.966686042003856
openai,openai,OpenAI,96,1,parsing-error,2,18.672515832993668
openai,openai,OpenAI,96,1,reference-error,2,18.672515832993668
openai,openai,OpenAI,97,1,feature-reference-expression-referent-is-feature,2,28.737119165998593
openai,openai,OpenAI,97,1,parsing-error,11,28.737119165998593
openai,openai,OpenAI,97,2,reference-error,4,16.795468541997252
openai,openai,OpenAI,98,1,feature-chaining-feature-not-one,2,10.183446375005587
openai,openai,OpenAI,98,1,parsing-error,8,10.183446375005587
openai,openai,OpenAI,98,1,reference-error,1,10.183446375005587
openai,openai,OpenAI,99,1,parsing-error,8,47.84502408399567
openai,openai,OpenAI,102,1,feature-chaining-feature-not-one,7,25.58600133300206
openai,openai,OpenAI,102,1,parsing-error,19,25.58600133300206
openai,openai,OpenAI,103,1,port-definition-owned-usages-not-composite,1,28.98446091699589
openai,openai,OpenAI,104,1,port-definition-owned-usages-not-composite,3,18.417996083000617
openai,openai,OpenAI,104,2,parsing-error,3,11.410887124999135
openai,openai,OpenAI,104,2,port-definition-owned-usages-not-composite,3,11.410887124999135
openai,openai,OpenAI,105,1,port-definition-owned-usages-not-composite,5,14.03156970800046
openai,openai,OpenAI,105,2,parsing-error,5,10.909436582995111
openai,openai,OpenAI,105,2,port-definition-owned-usages-not-composite,5,10.909436582995111
openai,openai,OpenAI,106,1,parsing-error,1,24.495845999997982
openai,openai,OpenAI,106,1,port-definition-owned-usages-not-composite,4,24.495845999997982
openai,openai,OpenAI,106,1,reference-error,1,24.495845999997982
openai,openai,OpenAI,108,1,parsing-error,2,16.251396459003445
openai,openai,OpenAI,108,1,reference-error,3,16.251396459003445
openai,openai,OpenAI,110,1,port-definition-owned-usages-not-composite,1,10.454487750001135
openai,openai,OpenAI,111,1,parsing-error,24,23.66808237499936
openai,openai,OpenAI,111,1,reference-error,7,23.66808237499936
openai,openai,OpenAI,112,1,port-definition-owned-usages-not-composite,1,14.428837583000131
openai,openai,OpenAI,112,1,reference-error,2,14.428837583000131
openai,openai,OpenAI,113,1,parsing-error,1,10.810558292003408
openai,openai,OpenAI,113,1,port-definition-owned-usages-not-composite,10,10.810558292003408
openai,openai,OpenAI,115,1,parsing-error,4,67.31743654200545
openai,openai,OpenAI,117,1,feature-reference-expression-referent-is-feature,1,83.46109841600264
openai,openai,OpenAI,117,1,parsing-error,10,83.46109841600264
openai,openai,OpenAI,117,2,parameter-membership-owning-type,1,25.115786041998945
openai,openai,OpenAI,117,2,parsing-error,3,25.115786041998945
openai,openai,OpenAI,117,2,reference-error,13,25.115786041998945
openai,openai,OpenAI,117,3,reference-error,14,12.638596167002106
openai,openai,OpenAI,117,4,parsing-error,12,25.788235125000934
openai,openai,OpenAI,118,1,port-definition-owned-usages-not-composite,1,10.67911441600154
openai,openai,OpenAI,120,1,parsing-error,7,22.47780549999879
openai,openai,OpenAI,120,1,reference-error,4,22.47780549999879
openai,openai,OpenAI,120,2,parsing-error,1,15.762765958999807
openai,openai,OpenAI,121,1,parsing-error,5,34.63222812500317
openai,openai,OpenAI,122,1,parsing-error,1,11.323121708002873
openai,openai,OpenAI,125,1,parsing-error,10,16.60737316599989
openai,openai,OpenAI,128,1,port-definition-owned-usages-not-composite,2,43.1107997500003
openai,openai,OpenAI,130,1,reference-error,7,12.504266165997253
openai,openai,OpenAI,132,1,parsing-error,3,9.815528375002032
openai,openai,OpenAI,132,1,reference-error,3,9.815528375002032
openai,openai,OpenAI,133,1,port-definition-owned-usages-not-composite,2,17.04959804200189
openai,openai,OpenAI,133,2,parsing-error,2,7.068802791996859
openai,openai,OpenAI,133,2,port-definition-owned-usages-not-composite,2,7.068802791996859
openai,openai,OpenAI,134,1,parsing-error,3,11.369502875000762
openai,openai,OpenAI,137,1,parsing-error,2,24.24095979199774
openai,openai,OpenAI,137,2,import-explicit-visibility,1,4.192196500000136
openai,openai,OpenAI,138,1,parsing-error,8,28.85569745799876
openai,openai,OpenAI,138,1,reference-error,4,28.85569745799876
openai,openai,OpenAI,138,2,import-explicit-visibility,1,22.367118416994344
openai,openai,OpenAI,138,2,reference-error,4,22.367118416994344
openai,openai,OpenAI,139,1,parameter-membership-owning-type,1,20.91230799999903
openai,openai,OpenAI,139,1,parsing-error,3,20.91230799999903
openai,openai,OpenAI,139,1,quantity-operator-expression,9,20.91230799999903
openai,openai,OpenAI,139,1,reference-error,11,20.91230799999903
openai,openai,OpenAI,140,1,reference-error,7,42.75031075000152
openai,openai,OpenAI,140,2,reference-error,7,14.815193791997444
openai,openai,OpenAI,141,1,feature-chaining-feature-not-one,1,9.107594291002895
openai,openai,OpenAI,141,1,parsing-error,8,9.107594291002895
openai,openai,OpenAI,141,2,feature-chaining-feature-not-one,1,11.41108483300195
openai,openai,OpenAI,141,2,parsing-error,7,11.41108483300195
openai,openai,OpenAI,143,1,reference-error,1,59.63319500000216
openai,openai,OpenAI,144,1,parsing-error,7,17.66755745899718
openai,openai,OpenAI,144,1,reference-error,5,17.66755745899718
openai,openai,OpenAI,145,1,parsing-error,2,13.21386154100037
openai,openai,OpenAI,148,1,parsing-error,1,11.93737454199436
openai,openai,OpenAI,151,1,reference-error,1,12.59450504200504
